,coherence_chatty,consistency_chatty,fluency_chatty,relevance_chatty
coherence_human,0.5123258831752371,0.4315496532921443,0.5033458228709596,0.48519509526470933
consistency_human,0.5721141367103898,0.5310252838749465,0.6019974170464852,0.5635576940464433
fluency_human,0.5544630150914487,0.49180744482534045,0.5691030891214964,0.47153692913172895
relevance_human,0.5120129043464943,0.5699227216977785,0.4384704304130024,0.5489337445809641
