dimension,spearmanr
coherence,0.49687568491212575
consistency,0.5952508095761246
fluency,0.15034966801398686
relevance,0.5717951192377256
