,coherence_chatty,consistency_chatty,fluency_chatty,relevance_chatty
coherence_human,0.4170642270565193,0.39957141491002035,0.48031193151187135,0.444630207688227
consistency_human,0.4865293305460053,0.45357629570034863,0.4916876927200922,0.5205620053146561
fluency_human,0.38581436142991704,0.3106558527097136,0.4242902909402869,0.38669351348592157
relevance_human,0.5178647585943197,0.4992958461220747,0.5687844223703836,0.5679137520813199
