dimension,spearman
coherence,0.35263139127990395
consistency,0.49301846420213397
fluency,0.43292156650366925
relevance,0.6053567333786571
